"conversation_id_str","created_at","favorite_count","full_text","id_str","image_url","in_reply_to_screen_name","lang","location","quote_count","reply_count","retweet_count","tweet_url","user_id_str","username"
"1781471515592228895","Fri Apr 19 23:54:42 +0000 2024","0","Gak bawa le sserafim gak rame","1781471515592228895","","","in","","0","0","0","https://x.com/reiissante/status/1781471515592228895","1675155509878599680","reiissante"
"1781469981261320256","Fri Apr 19 23:48:36 +0000 2024","1","lol tetiba salahkan eunchae sebab sapa suruh debut sebab masih minor?? manusia ni memang bodoh kan. pastu cakap le sserafim tak patut debut lagi sebab dorang masih tak ready. bodoh ke kalau tak ready takdanya banyak achievements macam sekarang.","1781469981261320256","","","in","","0","0","0","https://x.com/eunchaeeeeelove/status/1781469981261320256","1758291613745659905","eunchaeeeeelove"
"1781468915656458355","Fri Apr 19 23:44:22 +0000 2024","0","Le sserafim punya Coachella performance mcm nyanyian budak tadika dekat pentas..mcm mana boleh terlepas pi situ depa ingat depa Blackpink kott","1781468915656458355","","","in","üá≤üáæ","0","0","0","https://x.com/anissnajwa_/status/1781468915656458355","1372956506656706561","anissnajwa_"
"1781468487598444974","Fri Apr 19 23:42:40 +0000 2024","1","Hybe memang bongokss pilih member le sserafim &amp; illit yg tak reti sing live siapa suruh buang gfriend..kan dah kena karma","1781468487598444974","","","in","üá≤üáæ","0","1","0","https://x.com/anissnajwa_/status/1781468487598444974","1372956506656706561","anissnajwa_"
"1781363922400051246","Fri Apr 19 23:37:34 +0000 2024","0","@viraltakes buat yg hate le sserafim nah sukurin tuh dikasih perform lagiii. menyala cewe geowl-geowl ku","1781467203902283820","","viraltakes","in","she/her ","0","0","0","https://x.com/youurdeey/status/1781467203902283820","1214056655475724291","youurdeey"
"1781461528379863145","Fri Apr 19 23:30:17 +0000 2024","0","@Nvtnunlehu emangnya situ bantu streaming? beli album le sserafim? nonton konser mereka? atau abisin waktu buat vote anak ssera? ngga kan? kok lebih berisik gaya nya ketimbang fans nya ssera? mereka aja ga merasa rugi kok ","1781465372224614474","","hyukaningning2","in","","0","1","0","https://x.com/hyukaningning2/status/1781465372224614474","1382410727420416001","hyukaningning2"
"1781464892383617376","Fri Apr 19 23:28:23 +0000 2024","1","Yg mau bersilahturahmi dipersilahkan tp ttp jadi good person Ya gaes","1781464892383617376","","","in","Jakarta Selatan, DKI Jakarta","0","0","0","https://x.com/pepepiona/status/1781464892383617376","1739803290383314944","pepepiona"
"1781463882827211034","Fri Apr 19 23:24:22 +0000 2024","0","Chungah unnie ","1781463882827211034","","","in","Jakarta Selatan, DKI Jakarta","0","0","0","https://x.com/pepepiona/status/1781463882827211034","1739803290383314944","pepepiona"
"1781463791064293714","Fri Apr 19 23:24:00 +0000 2024","393","Dan lagi gw nemuin orang munafik mbak kalo mau ngehate orang mbok ya dicek dulu bio nya jd orang baik kok ngehate dan bully orang BE A GOOD PERSON https://t.co/iT7VkT80Ew","1781463791064293714","https://pbs.twimg.com/media/GLkH31kawAA1JgW.jpg","","in","Jakarta Selatan, DKI Jakarta","21","13","66","https://x.com/pepepiona/status/1781463791064293714","1739803290383314944","pepepiona"
"1781342488621629896","Fri Apr 19 23:17:24 +0000 2024","0","@lekkuratan @lynaylah Iya kan le sserafim udah terkenal banget si sekarang. Apalagi sejak teriak¬≤ di coachella kemarin","1781462131977953315","","lekkuratan","in","","0","1","0","https://x.com/jawlinedel/status/1781462131977953315","1213137703178362880","jawlinedel"
"1781460452347875415","Fri Apr 19 23:10:44 +0000 2024","0","gw mah sesek napas tiap liat kritik ke le sserafim","1781460452347875415","","","in","","0","0","0","https://x.com/kimchichaewon/status/1781460452347875415","1580177288154345472","kimchichaewon"
"1781315335813263523","Fri Apr 19 23:06:46 +0000 2024","2","@deezkidz1 Pirnot anak2 baik kok ","1781459455122751755","","deezkidz1","in","Jakarta Selatan, DKI Jakarta","0","0","0","https://x.com/pepepiona/status/1781459455122751755","1739803290383314944","pepepiona"
"1781156231450595785","Fri Apr 19 22:58:51 +0000 2024","0","@forevernugu Sakiiiiiii","1781457461968548119","","kkurafearnot39","tr","Jakarta Selatan, DKI Jakarta","0","0","0","https://x.com/pepepiona/status/1781457461968548119","1739803290383314944","pepepiona"
"1781424548040323507","Fri Apr 19 22:51:41 +0000 2024","0","@peopleenamduaa Training bertahun tahun itu bukan berarti jd wow gt tapiii malah nunjukin dia belom worth buat debut dan ada kasus jg udh bertahun2 training ehhh pas mau didebut diganti tmptnya ama yg baru training sebulan ","1781455657637695599","","sakurakarawaci","in","Jakarta Selatan, DKI Jakarta","0","1","0","https://x.com/pepepiona/status/1781455657637695599","1739803290383314944","pepepiona"
"1781454427964297506","Fri Apr 19 22:46:48 +0000 2024","1","@le_sserafim @SOURCEMUSIC bisa nggak sih elo bertindak cepat?????!!! Oiya kalo bisa mending akun¬≤ ig pribadi member dinonaktifkan aja komennya","1781454427964297506","","le_sserafim","in","","0","0","0","https://x.com/02_LSRFIM/status/1781454427964297506","1134701694179192832","02_LSRFIM"
"1781212435741053432","Fri Apr 19 22:45:33 +0000 2024","0","@sakulsfm Dulu juga marah &amp; ngak ngelirik le sserafim apaan sih bisa2'y gfriend di disband Awal'y dari satu member fyp di tiktok &amp; amaze waktu cover run bts keren gitu dance'y ternyata eunchae ya udah jadi cari tau dan ngikutin banget semua ini bukan salah ssera tapi salahin aja agensi'y","1781454114913919210","","","in","","0","0","0","https://x.com/NunukKusuma5/status/1781454114913919210","1145573715666558977","NunukKusuma5"
"1781453555393560818","Fri Apr 19 22:43:20 +0000 2024","1","aprovecho a dar una listita de mis grupos ult y mis bias - skz (priority) Hyunjin - le sserafim Chaewon - p1harmony Intak - kiss of life (Main) Julie &amp; Belle - boynextdoor (Main) Jaehyun Sungho Taesan","1781453555393560818","","","in","ssera, nexz  ‚¨ö‚ù§Ô∏é","0","0","0","https://x.com/yutieful/status/1781453555393560818","1677465342396841985","yutieful"
"1781453377593127132","Fri Apr 19 22:42:37 +0000 2024","0","le sserafim gausah lagi lah lu anjir","1781453377593127132","","","in","Home","0","1","0","https://x.com/notimportenough/status/1781453377593127132","1264539894170312704","notimportenough"
"1781452960452485316","Fri Apr 19 22:40:58 +0000 2024","1","who s your bias in.. ? (HYBE edition) bts: txt: beomgyu enhypen: seventeen: dk hoshi fromis_9: le sserafim: chaewon sakura kazuha newjeans: hanni &amp;team: boynextdoor: LEEHAN jaehyun riwoo tws: hanjin dohoon shinyu illit: yunah moka","1781452960452485316","","","in","he/they ‚Ä¢ 21","0","0","0","https://x.com/yaoinextdoor/status/1781452960452485316","1584240947533078528","yaoinextdoor"
"1781375610851619318","Fri Apr 19 17:33:36 +0000 2024","0","Selama 3 hari ini isi fyp tiktok gw tuh orang yang julid sama vocal girlband Le Sserafim di coachella gitu kan. Nah gw jadinya keseringan denger lagu mereka yang Smart itu loh. Dan alhasil ketagihan dengernya anjirrr lagunya asik ","1781375610851619318","","","in","Minor, Homophobic DNI","0","1","0","https://x.com/Kucingmiaaw___/status/1781375610851619318","1507395462873378819","Kucingmiaaw___"
"1781371000325861494","Fri Apr 19 17:15:17 +0000 2024","0","Fearnot yukk join nobar LE SSERAFIM FAN MEETING FEARNADA disini yuu ‚ÄçÔ∏è Kualitas nobarnya cakepp bgt s! 20k/day 35k/2 days Live + Record Kualitas 1080P","1781371000325861494","","","in","akses bot? cek website:","0","0","0","https://x.com/sbtgirlgroup/status/1781371000325861494","1376541323151302658","sbtgirlgroup"
"1781331931306807459","Fri Apr 19 17:09:33 +0000 2024","0","@tanyarlfes Pernah di Twitter gara2 apa sih lupa sama di Instagram baru kemaren soalnya aku komen kalo sakura le sserafim lebih baik latihannya diperbanyak bukan malah mau part nyanyinya dikit WKWKKW tp banyak juga yang setuju sama komenku itu","1781369559859261683","","tanyarlfes","in","","0","0","0","https://x.com/xxjenniecute/status/1781369559859261683","1429006207851716615","xxjenniecute"
"1781366325706944799","Fri Apr 19 16:56:42 +0000 2024","0","wts lfb le sserafim kazuha antifragile album photocard pc ph sakura chaewon yunjin eunchae ww","1781366325706944799","","","in","20+. MDNI. N/SFW. BNS & STAN.","0","0","0","https://x.com/kkuraberry/status/1781366325706944799","1509197342347436035","kkuraberry"
"1781366247629976046","Fri Apr 19 16:56:24 +0000 2024","0","can extend dop to 2 weeks. wts lfb le sserafim sakura eunchae fearnada md photocard pc ph chaewon yunjin kazuha ww","1781366247629976046","","","in","20+. MDNI. N/SFW. BNS & STAN.","0","0","0","https://x.com/kkuraberry/status/1781366247629976046","1509197342347436035","kkuraberry"
"1781366139194622001","Fri Apr 19 16:55:58 +0000 2024","0","can extend dop to 2 weeks. wts lfb le sserafim kazuha fearnada md day off in jeju photocard pc ph sakura chaewon yunjin eunchae ww","1781366139194622001","","","in","20+. MDNI. N/SFW. BNS & STAN.","0","0","0","https://x.com/kkuraberry/status/1781366139194622001","1509197342347436035","kkuraberry"
"1781365585517085054","Fri Apr 19 16:53:46 +0000 2024","0","wts lfb le sserafim sakura day off in jeju photocard pc ph chaewon yunjin kazuha eunchae ww","1781365585517085054","","","in","20+. MDNI. N/SFW. BNS & STAN.","0","0","0","https://x.com/kkuraberry/status/1781365585517085054","1509197342347436035","kkuraberry"
"1781363367619502376","Fri Apr 19 16:44:57 +0000 2024","0","Tutorial uninstall tiktok = scroll fyp ketemu konten le sserafim buka komen uninstall. Semudah itu gais","1781363367619502376","","","in","","0","0","0","https://x.com/raisinbleus/status/1781363367619502376","1746421424959725568","raisinbleus"
"1781360552255893688","Fri Apr 19 16:33:46 +0000 2024","0","Le sserafim besok kalau mau jelasin makna lagu pelan pelan di eja abcde nya yang betul manti kalau orang orang masih gapaham bikin essay aja","1781360552255893688","","","in","","1","0","0","https://x.com/raisinbleus/status/1781360552255893688","1746421424959725568","raisinbleus"
"1781359794005393590","Fri Apr 19 16:30:46 +0000 2024","0","yoo yeon seok be like: gpp miring yg penting foto sama le sserafim harus flexing wkwkwk","1781359796337377415","","bulbylight","in","ifnt‚Ä¢urichil‚Ä¢fimmies‚Ä¢jebisÀö‚ãÜêöÅ","0","0","0","https://x.com/bulbylight/status/1781359796337377415","880759530233110529","bulbylight"
"1781359794005393590","Fri Apr 19 16:30:45 +0000 2024","0","bayangin udah benci le sserafim mati2an tapi aktris aktor idol disana demen bgt sm mereka. keinget mama tahun lalu yoo yeon seok girang bener pas ngasih awards ke le sserafim. trs foto ini tetep dia upload dong walaupun miring keknya ga sempet foto lagi jd upload aja yg ada https://t.co/ihBT9X0XNh","1781359794005393590","https://pbs.twimg.com/media/GLipSt9bIAAUdQA.jpg","","in","ifnt‚Ä¢urichil‚Ä¢fimmies‚Ä¢jebisÀö‚ãÜêöÅ","1","1","0","https://x.com/bulbylight/status/1781359794005393590","880759530233110529","bulbylight"
"1781356747774414992","Fri Apr 19 16:18:39 +0000 2024","3","nakamura kazuha le sserafim kpop fc fancam edit never lose me https://t.co/p923pktcNx","1781356747774414992","https://pbs.twimg.com/ext_tw_video_thumb/1781356641725599750/pu/img/Waw_KrpFiyMrWGUH.jpg","","in","","0","1","0","https://x.com/maywardklaus/status/1781356747774414992","1543306174963015682","maywardklaus"
"1781315335813263523","Fri Apr 19 16:07:03 +0000 2024","8","@deezkidz1 Hidupku gak segabut itu buat nonton terus ngehate nih Coachella kalo bukan karena le sserafim juga gue gak pernah mau nonton juga pliiissss","1781353827972874614","","deezkidz1","in","Rumah Hoseoküòπ","0","0","0","https://x.com/Jhswifeu_/status/1781353827972874614","1281890278542995462","Jhswifeu_"
"1781347800158273942","Fri Apr 19 15:43:06 +0000 2024","0","Penampilan Kontras LE SSERAFIM dan BABYMONSTER yang Picu Perdebatan https://t.co/gsoxqGTmPF","1781347800158273942","","","in","Indonesia","0","0","1","https://x.com/Popmama_com/status/1781347800158273942","2661838418","Popmama_com"
"1781326616171561299","Fri Apr 19 14:18:55 +0000 2024","0","Lagu Le Sserafim dicover sama I-Land malah jauuh lebih bagus ","1781326616171561299","","","in","üìçTangerang - Bandar Lampung","0","0","0","https://x.com/KikiNovilia/status/1781326616171561299","1093073257169772544","KikiNovilia"
"1781325635253674386","Fri Apr 19 14:15:38 +0000 2024","9","@.nakamurazone","1781325789155279154","","sserapics","in","est 250122!","0","0","1","https://x.com/sserapics/status/1781325789155279154","1285963627061809154","sserapics"
"1781324057306398790","Fri Apr 19 14:12:39 +0000 2024","0","@smilepotatwoo Ya komen2 di ig ya dia msh bayii ","1781325041109721117","","smilepotatwoo","in","Jakarta Selatan, DKI Jakarta","0","1","0","https://x.com/pepepiona/status/1781325041109721117","1739803290383314944","pepepiona"
"1781321822216274299","Fri Apr 19 14:10:56 +0000 2024","0","@shawtside Bukannya dilirik tp malah dijauhin yg ada fav nya ","1781324606206521466","","","in","Jakarta Selatan, DKI Jakarta","0","0","0","https://x.com/pepepiona/status/1781324606206521466","1739803290383314944","pepepiona"
"1781324344402268236","Fri Apr 19 14:09:53 +0000 2024","0","Udah ketauan ya kenapa adeknya kalo collect atau konser/event agak sableng liat mas ku dari dulu udah ngefanboy jkt48 dan sekarang collect le sserafim https://t.co/EslCe8BgdI","1781324344402268236","https://pbs.twimg.com/media/GLiJDKDbcAACpnE.jpg","","in","","0","0","0","https://x.com/6v6fullsun/status/1781324344402268236","1546447679676329985","6v6fullsun"
"1781324057306398790","Fri Apr 19 14:08:45 +0000 2024","4","Gw kepikiran ama eunchae ","1781324057306398790","","","in","Jakarta Selatan, DKI Jakarta","0","2","0","https://x.com/pepepiona/status/1781324057306398790","1739803290383314944","pepepiona"
"1781321460914827562","Fri Apr 19 13:58:26 +0000 2024","0","Gw penasaran deh sama orang antah berantah tiba2 bikin video ttg fimmies di coachella aslinya tau ga sih coachella itu apa? Diadainnya dimana? Udah berapa lama?? Klo ga coba deh klo mainnya tgl 13 Apr kita org indo bisa nontonnya kapan?? Ini aja msh suka pd bgung wkkwkwk","1781321460914827562","","","in","Jakarta Selatan, DKI Jakarta","0","0","1","https://x.com/pepepiona/status/1781321460914827562","1739803290383314944","pepepiona"
"1781314069523497236","Fri Apr 19 13:56:55 +0000 2024","0","@kerwin_kartero @le_sserafim HAHAHAHAHAHAHAHAH!!! HINAHANAPAN MO NA NAMAN AKO HATERS HA!","1781321079019241506","","kerwin129","tl","EXO PLANET","0","0","0","https://x.com/xiuminniiie/status/1781321079019241506","1374695369431379977","xiuminniiie"
"1781320261331197972","Fri Apr 19 13:53:40 +0000 2024","0","@izkidz mulai harini mari share bias kat le sserafim ","1781320261331197972","","izkidz","in","kpop/bl space ‚Äî rcbyf","0","1","0","https://x.com/jkyunghq/status/1781320261331197972","1350289532441120769","jkyunghq"
"1781312490992738592","Fri Apr 19 13:52:06 +0000 2024","0","@iqsabelle @msgzuha Ya kita simpulkan sendiri ya sa gmna penampilan dan reaksi penonton disana :)","1781319868274626917","","wdcfim","in","Jakarta Selatan, DKI Jakarta","0","0","0","https://x.com/pepepiona/status/1781319868274626917","1739803290383314944","pepepiona"
"1781319571171066297","Fri Apr 19 13:50:55 +0000 2024","0","aowkaowkaok le sserafim digoreng abis cokk","1781319571171066297","","","in","any pronouns ‚Ä¢ 20+","0","0","0","https://x.com/bucinnoelle/status/1781319571171066297","1378670881686265861","bucinnoelle"
"1781319220023963892","Fri Apr 19 13:49:32 +0000 2024","0","grgr le sserafim jadi nge rewatch bp alias kangennn para ceo¬≤ ituh","1781319220023963892","","","in","","0","0","0","https://x.com/karizoyy/status/1781319220023963892","1556320777078595584","karizoyy"
"1781319075471536331","Fri Apr 19 13:48:57 +0000 2024","0","Udur storyg n uzchihed bodoj l bailaa. Le sserafim biynextdoor enha geed buh hamtlaguudiin popup stored ochchihood tubatu deer l ochoogui bsan „ÖÖ„ÖÇ","1781319075471536331","","","in","","0","0","0","https://x.com/tyun1uv/status/1781319075471536331","1512828608078770176","tyun1uv"
"1781318813193253278","Fri Apr 19 13:47:55 +0000 2024","0","wts want to sell pc photocard gg girlgrup Bekasi ‚≠ê = pair Ô∏è Wendy Yeri red velvet rv Ô∏è Momo twice Ô∏è Hyewon Yuri izone Ô∏è Karina Giselle aespa Ô∏è Sumin Sieun Isa stayc Ô∏è Xiaoting Mashiro Hikaru kep1er Ô∏è Sheon billlie Ô∏è Eunchae le sserafim Ô∏è Hanni newjeans nj https://t.co/WDS0uDJFWq","1781318813193253278","https://pbs.twimg.com/media/GLiEBQQaYAABcyy.jpg","","in","","0","0","5","https://x.com/ininabobo/status/1781318813193253278","1349736220587302917","ininabobo"
"1781312490992738592","Fri Apr 19 13:39:16 +0000 2024","0","@msgzuha @iqsabelle sa liat sa wkwkw","1781316639818166644","","msgzuha","in","Jakarta Selatan, DKI Jakarta","0","1","0","https://x.com/pepepiona/status/1781316639818166644","1739803290383314944","pepepiona"
"1781315683323875631","Fri Apr 19 13:35:28 +0000 2024","1","Kembali ke Coachella Sekali Lagi Mampukah LE SSERAFIM Beri Penampilan Memukau di Penampilan Terakhir Ini? #LESSERAFIMatCOACHELLA https://t.co/HCjL3NI1w4","1781315683323875631","","","in","Indonesia","0","0","1","https://x.com/KpopChartNet/status/1781315683323875631","972179486","KpopChartNet"
"1781312875732312144","Fri Apr 19 13:31:23 +0000 2024","0","@cumabisalolita Biasanya le sserafim","1781314656382193983","","cumabisalolita","in","Kota Surabaya, Jawa Timur","0","0","0","https://x.com/diroxiz/status/1781314656382193983","1522504872335077376","diroxiz"
"1781314346918051971","Fri Apr 19 13:30:10 +0000 2024","0","SHARING NOBAR LE SSERAFIM FAN MEETING FEARNADA 2024S/S SEOUL 11 - 12 Mei 2024 16.00 WIB | 15.00 WIB 20K/day 35K/2day Grup wa Live + Record Private web wts wtb online fearnot chaewon yunjin sakura kazuha eunchae #LESSERAFIM","1781314346918051971","","","in","2ND ACC @_Kyumabby2 @kyumabby_","0","0","0","https://x.com/kyumabby/status/1781314346918051971","1645360382608044035","kyumabby"
"1781314149022421395","Fri Apr 19 13:29:23 +0000 2024","1","Le sserafim bakal perform lagi kan ya di Coachella weekend nanti??? Ini kesempatan besar buat mereka untuk menunjukkan ini lo kita bisa perform dengan baik menepis hate comments sebelumnya. Show them what you got le sserafim!","1781314149022421395","","","in","","0","0","0","https://x.com/fafafaaafa/status/1781314149022421395","872743448717033473","fafafaaafa"
"1781314108522172587","Fri Apr 19 13:29:13 +0000 2024","0","Annyeong~ Yang cari nobar online lesserafim fan meeting bisa banget disinii 20k aja udah dapet record yuk masih banyak slot nihh t. wts wtb open sharing nobar online konser le sserafim fanmeeting fearnada 2024 lsf lessera fanmeet","1781314108522172587","","","in","","0","0","0","https://x.com/sandflow_net/status/1781314108522172587","1420675888350326786","sandflow_net"
"1780933631013429535","Fri Apr 19 13:26:59 +0000 2024","0","@HYBETERNITY Minat diajak dong gw anak le sserafim..... tenang aja ini loyal bgt walaupun gonjang ganjing tetap setia #ea pick me up plz? https://t.co/Ey20eVlDrN","1781313547668247009","https://pbs.twimg.com/media/GLh_O14a8AAlnOM.jpg","HYBETERNITY","in","SND. wisp√©ƒì√®ll & evadere.","0","0","0","https://x.com/yunjikn/status/1781313547668247009","1359701981313474562","yunjikn"
"1781308180875944244","Fri Apr 19 13:05:40 +0000 2024","0","mau le sserafim digoreng kek gmn pun aku ttp cinta","1781308180875944244","","","in","","0","1","0","https://x.com/tasyayudinda/status/1781308180875944244","39991297","tasyayudinda"
"1781300767431008415","Fri Apr 19 12:56:52 +0000 2024","0","@le_petitetwt Wkwkkwkw owalah makanya yg waras ga ngerti","1781305966287532201","","le_petitetwt","in","Jakarta Selatan, DKI Jakarta","0","0","0","https://x.com/pepepiona/status/1781305966287532201","1739803290383314944","pepepiona"
"1781305120527179820","Fri Apr 19 12:53:30 +0000 2024","0","wts lfb ph kep1er yujin hikaru yeseo billlie haram siyoon haruna iz*one izone le sserafim yunjin kazuha eunchae weeekly soojin soeun jaehee zoa stayc j itzy yuna newjeans danielle haerin hyein nmixx jiwoo kyujin onhand gg photocards pcs","1781305120527179820","","","in","metro manila","0","0","0","https://x.com/shirocember/status/1781305120527179820","859397099682635776","shirocember"
"1781304925575921817","Fri Apr 19 12:52:43 +0000 2024","20","Me as yunjin - le sserafim | jadi cewe coquette https://t.co/QKrjpB3Hhp","1781304925575921817","https://pbs.twimg.com/media/GLh3XDVawAA9OOP.jpg","","in","","0","7","1","https://x.com/reyjongseong/status/1781304925575921817","974513140795715584","reyjongseong"
"1781303518168752192","Fri Apr 19 12:47:08 +0000 2024","3","Le sserafim pinartidahan na kayo walang back track. ","1781303518168752192","","","tl","Saturn ü™ê","0","0","0","https://x.com/vincstr/status/1781303518168752192","93572098","vincstr"
"1781300767431008415","Fri Apr 19 12:46:48 +0000 2024","0","@le_petitetwt Gw bingung memahami kata2nya hmmm","1781303433930346942","","le_petitetwt","in","Jakarta Selatan, DKI Jakarta","0","1","0","https://x.com/pepepiona/status/1781303433930346942","1739803290383314944","pepepiona"
"1781302661012447633","Fri Apr 19 12:43:44 +0000 2024","1","hybe nih bener2 ngebayar semua semua-muanya yaa orang tone deaf aja paham le sserafim live singing-nya emg sejelek itu lha ini musik kritik malah ngomong gini? kalau bukan suap menyuap apa namanya ","1781302661012447633","","","in","","0","0","0","https://x.com/viiviiiviiviii/status/1781302661012447633","1283365389901193216","viiviiiviiviii"
"1781202277229121963","Fri Apr 19 12:42:01 +0000 2024","0","@NME @le_sserafim Sseraakuuu","1781302230186098971","","NME","in","","0","0","0","https://x.com/blueskyyy1_/status/1781302230186098971","1576278064484392961","blueskyyy1_"
"1781302158530683129","Fri Apr 19 12:41:44 +0000 2024","1","besok minggu gue bakal nyanyi 4 lagu 2 lagu sambil nari satu tari tradisional ngebeat satu kontemporer ntar gue videoin buat belajar ya @le_sserafim","1781302158530683129","","","in","Athena, cause im goddes","0","2","0","https://x.com/awcyelitak/status/1781302158530683129","1141253255772590080","awcyelitak"
"1781297212099842380","Fri Apr 19 12:37:05 +0000 2024","0","@zuhannosaurus Nyari duit pan buat beli quota","1781300991029379145","","zuhannosaurus","in","Jakarta Selatan, DKI Jakarta","0","1","0","https://x.com/pepepiona/status/1781300991029379145","1739803290383314944","pepepiona"
"1781300913174647058","Fri Apr 19 12:36:49 +0000 2024","0","le sserafim yuna itzy sieun seeun tzuyu jeongyeon giselle yunjin chaewon eunchae wtt lft ph le ssera sakura kazuha leeseo wonyoung gaeul rei yujin","1781300921869427199","","hrtskira","in","jwychive  Àñ ‡£™ìÜ©‚ô°ìÜ™","0","0","0","https://x.com/hrtskira/status/1781300921869427199","1577237974521352192","hrtskira"
"1781300861911838876","Fri Apr 19 12:36:35 +0000 2024","0","le sserafim ni sejak kejadian coachella haritu rasanya better nyanyi part i'm a mess sahaja berulang kali kot","1781300861911838876","","","in","Klang","0","0","0","https://x.com/Zarithhihsan/status/1781300861911838876","923508603318759429","Zarithhihsan"
"1781274842647634299","Fri Apr 19 11:30:39 +0000 2024","0","@feaaless @pluvi0philez Yahh jd pgn kannn haha","1781284271673794651","","feaaless","in","Jakarta Selatan, DKI Jakarta","0","0","0","https://x.com/pepepiona/status/1781284271673794651","1739803290383314944","pepepiona"
"1781274842647634299","Fri Apr 19 11:23:11 +0000 2024","0","@feaaless @pluvi0philez Fetishnya gt kali suka dengerin encore -_-","1781282393644818648","","feaaless","in","Jakarta Selatan, DKI Jakarta","0","2","0","https://x.com/pepepiona/status/1781282393644818648","1739803290383314944","pepepiona"
"1781282357770961097","Fri Apr 19 11:23:03 +0000 2024","0","bro i've got attacked by le sserafim's fandom sampe sekarang cuman perkara gua komen nasib jadi publik figur. ","1781282357770961097","","","in","","0","0","0","https://x.com/tictakatan/status/1781282357770961097","1658420493647773696","tictakatan"
"1781248464179057093","Fri Apr 19 11:21:30 +0000 2024","0","@pluvi0philez Bagian L di Line up jg tebel ca","1781281969130942800","","pluvi0philez","in","Jakarta Selatan, DKI Jakarta","0","1","0","https://x.com/pepepiona/status/1781281969130942800","1739803290383314944","pepepiona"
"1781281823299105244","Fri Apr 19 11:20:55 +0000 2024","0","Gaes bantu report si paling gamers ini yaa","1781281823299105244","","","in","Jakarta Selatan, DKI Jakarta","0","0","0","https://x.com/pepepiona/status/1781281823299105244","1739803290383314944","pepepiona"
"1781281069373010234","Fri Apr 19 11:17:56 +0000 2024","0","Kesempatan Terakhir untuk Le Sserafim di Coachella! Banyak Dapat Tepukan atau Pulang dengan Rasa Malu? #LESSERAFIMatCOACHELLA #Coachella #Coachella2024 https://t.co/cka65DjaQA","1781281069373010234","","","in","√úT: -6.407864,106.832678","0","1","0","https://x.com/woroinoy/status/1781281069373010234","105695795","woroinoy"
"1781280631504490952","Fri Apr 19 11:16:11 +0000 2024","0","Engkooongggg","1781280631504490952","","","in","Jakarta Selatan, DKI Jakarta","0","0","0","https://x.com/pepepiona/status/1781280631504490952","1739803290383314944","pepepiona"
"1781280579742585238","Fri Apr 19 11:15:59 +0000 2024","0","Kalo coachella itu eurovision ya kali boleh lah marah tp ini coachella bukan eurovision ","1781280579742585238","","","in","Jakarta Selatan, DKI Jakarta","0","0","0","https://x.com/pepepiona/status/1781280579742585238","1739803290383314944","pepepiona"
"1781279972008841704","Fri Apr 19 11:13:34 +0000 2024","0","Fearnot yukk join nobar LE SSERAFIM FAN MEETING FEARNADA disini yuu ‚ÄçÔ∏è Kualitas nobarnya cakepp bgt s! 20k/day 35k/2 days Live + Record Kualitas 1080P","1781279972008841704","","","in","akses bot? cek website:","0","0","0","https://x.com/sbtgirlgroup/status/1781279972008841704","1376541323151302658","sbtgirlgroup"
"1781246442235175253","Fri Apr 19 11:12:05 +0000 2024","0","@le_sserafim Korea's embarrassment","1781279599894180018","","le_sserafim","in","","0","4","0","https://x.com/MohamedSam47287/status/1781279599894180018","1750991534046969856","MohamedSam47287"
"1781279046766383446","Fri Apr 19 11:09:53 +0000 2024","11","Haters sibuk ngurusin ssera pirnot lg sibuk mainan hero2 an wkwkkwkw","1781279046766383446","","","in","Jakarta Selatan, DKI Jakarta","1","2","5","https://x.com/pepepiona/status/1781279046766383446","1739803290383314944","pepepiona"
"1781276734119350468","Fri Apr 19 11:06:57 +0000 2024","0","@heodangiee Cibe aibnya keluarga??","1781278304882094520","","heodangiee","in","Jakarta Selatan, DKI Jakarta","0","1","0","https://x.com/pepepiona/status/1781278304882094520","1739803290383314944","pepepiona"
"1781278027860852905","Fri Apr 19 11:05:51 +0000 2024","0","4 Hal yang Jadi Sorotan dari Penampilan Panggung LE SSERAFIM hingga ILLIT https://t.co/HqyUlDVDch","1781278027860852905","","","in","","0","0","0","https://x.com/BeautynesiaID/status/1781278027860852905","1671441894902210561","BeautynesiaID"
"1781214886225400319","Fri Apr 19 11:02:38 +0000 2024","0","@yellowhanjis Ini akun dr dulu emg problematik bgt haha","1781277222122529081","","hanjipu","in","Jakarta Selatan, DKI Jakarta","0","1","0","https://x.com/pepepiona/status/1781277222122529081","1739803290383314944","pepepiona"
"1781273166423486707","Fri Apr 19 11:02:12 +0000 2024","0","@zuhannosaurus Kwwkwkw mentok jg idol ama fansnya zionist kwkwkkw","1781277109383758314","","zuhannosaurus","in","Jakarta Selatan, DKI Jakarta","0","0","0","https://x.com/pepepiona/status/1781277109383758314","1739803290383314944","pepepiona"
"1781273166423486707","Fri Apr 19 10:51:58 +0000 2024","0","@zuhannosaurus Wowww kita pirnot harus contoh si leighka","1781274537235210507","","zuhannosaurus","in","Jakarta Selatan, DKI Jakarta","0","1","0","https://x.com/pepepiona/status/1781274537235210507","1739803290383314944","pepepiona"
"1781273449480282521","Fri Apr 19 10:47:39 +0000 2024","0","Mau kasian le sserafim dihujat tapiii.....","1781273449480282521","","","in","Indonesia","0","0","0","https://x.com/easyapaan/status/1781273449480282521","1295964129711144962","easyapaan"
"1781251279198830827","Fri Apr 19 10:42:25 +0000 2024","0","@jualanengene mau join gonya","1781272130782646441","","jualanengene","in","","0","1","0","https://x.com/2406archive/status/1781272130782646441","1677979080279592961","2406archive"
"1781267482189373686","Fri Apr 19 10:23:56 +0000 2024","0","Kita lebih milih bikin meme member dari pada war ama fandom lain ","1781267482189373686","","","in","Jakarta Selatan, DKI Jakarta","0","0","0","https://x.com/pepepiona/status/1781267482189373686","1739803290383314944","pepepiona"
"1781173365484712374","Fri Apr 19 08:49:13 +0000 2024","4","@iqsabelle -atau ga mrk bakal tetep debutin artis2 lain kaya le sserafim dll. Walaupun hybe ga ngedisband siapapun mrk bakal tetep ngeluarin grup baru. Balik lagi amarah itu disampein ke hybe bukan ke artis dibawah hybe. Yg gw ga setuju dr mrk cmn itu sih. Selebihnya biarin mrk marah.","1781243644152029517","","1004_YoonLovers","in","Semarang Tengah, Indonesia","0","1","0","https://x.com/1004_YoonLovers/status/1781243644152029517","889633295281082369","1004_YoonLovers"
"1781241625437688301","Fri Apr 19 08:41:12 +0000 2024","0","Profil Sakura LE SSERAFIM Tuai Sorotan usai Manggung di Coachella https://t.co/SOHYmpAKsj","1781241625437688301","","","in","Indonesia","0","0","1","https://x.com/Popmama_com/status/1781241625437688301","2661838418","Popmama_com"
"1781239453727756499","Fri Apr 19 08:32:34 +0000 2024","0","SHARING NOBAR LE SSERAFIM FAN MEETING FEARNADA 2024S/S SEOUL 11 - 12 Mei 2024 16.00 WIB | 15.00 WIB 20K/day 35K/2day Grup wa Live + Record Private web wts wtb online fearnot chaewon yunjin sakura kazuha eunchae #LESSERAFIM","1781239453727756499","","","in","2ND ACC @_Kyumabby2 @kyumabby_","0","0","0","https://x.com/kyumabby/status/1781239453727756499","1645360382608044035","kyumabby"
"1781236825383944406","Fri Apr 19 08:22:07 +0000 2024","0","LE SSERAFIM THE BOYZ ZB1 (ZEROBASEONE) udah itu aja soalnya ak kpop in general listen semua kalo enak hehew","1781236825383944406","","","in","üçùüç∑ü¶âüéªü§ùüóùÔ∏èüí∏‚ô¶Ô∏è‚òïüé≤üé´üï∂‚ô¶Ô∏èüêØ","0","0","0","https://x.com/furakntceo/status/1781236825383944406","1599413372365045760","furakntceo"
"1781236618206060801","Fri Apr 19 08:21:18 +0000 2024","4052","SAKURA MIYAWAKI OMG https://t.co/7RBRda1Zfv","1781236618206060801","https://pbs.twimg.com/media/GLg5QxwWsAADYWp.jpg","","in","est 250122!","41","9","528","https://x.com/sserapics/status/1781236618206060801","1285963627061809154","sserapics"
"1781232398459625611","Fri Apr 19 08:12:59 +0000 2024","0","@baltaoo tp masalahnya tampil di inter. 1. blackpink bagus bnr (ya dancenya biasa aja tp nge hype penonton bagus lagunya cocok utk festival) 2. aespa overall bagus bnr dance dan vocal tp boring kurang nge hype audience 3. le sserafim lagu lagunya cocok gsn festival tp sadly live vocalny","1781234527047971124","","baltaoo","in","South Borneo, Indonesia","0","1","0","https://x.com/luvlieszz/status/1781234527047971124","2860488025","luvlieszz"
"1781232398459625611","Fri Apr 19 08:11:46 +0000 2024","0","@baltaoo lain grogi ya allah.... itu 10 lagu dan koreografi le sserafim tu ngalih dan uyuh mampus dan kualitas vokal buannya b aja. sharusnya koreografernya tu meulah dance yg santai santai aja kaya blackpink tu contohnya","1781234218519105926","","baltaoo","in","South Borneo, Indonesia","0","2","0","https://x.com/luvlieszz/status/1781234218519105926","2860488025","luvlieszz"
"1781232398459625611","Fri Apr 19 08:07:02 +0000 2024","0","@baltaoo emg penampilan le sserafim jelek (ini objektif) aku sendiri pun suka lwn le sserafim","1781233029261967690","","baltaoo","in","South Borneo, Indonesia","0","2","0","https://x.com/luvlieszz/status/1781233029261967690","2860488025","luvlieszz"
"1780961185871118344","Fri Apr 19 07:59:15 +0000 2024","4","@akun_mitra55333 @jenaissantei_ Sebut nama aja gapapa. Shindong kan? Tapi kamu salah. Itu tayangan udah tapping dan ditayangkan di hari yg sama dengan Le Sserafim tampil di Coachella. Kamu ngira Knowing brothers acara live?","1781231070220038576","","akun_mitra55333","in","‚Ä¢ OP81 ‚Ä¢ OB87 ‚Ä¢ KY10 ‚Ä¢ LB15 ‚Ä¢","0","0","0","https://x.com/loquaciouspals/status/1781231070220038576","1166982618526601216","loquaciouspals"
"1780441610217750663","Fri Apr 19 07:47:01 +0000 2024","0","@Eunchah Kok gak salamin sendiri bukannya udah akrab sekarang? MINAT JUGA SAMA LE SSERAFIM tolong siapin seorang nanti BND datengin","1781227993320563132","","Eunchah","in","Not Real","0","1","0","https://x.com/Myuengjae/status/1781227993320563132","1414829100066246670","Myuengjae"
"1781222558240850041","Fri Apr 19 07:26:56 +0000 2024","0","@peopleenamduaa Pasti Boti takut kesaing ama anak2 ssera buahahha","1781222935556170187","","sakurakarawaci","in","Jakarta Selatan, DKI Jakarta","0","0","0","https://x.com/pepepiona/status/1781222935556170187","1739803290383314944","pepepiona"
"1781222558240850041","Fri Apr 19 07:25:26 +0000 2024","1","Gw heran ama mulu laki Indonesia yg ngehate ssera pada lemes lemes amat sih lo tuh ngehate cewe woi -_-","1781222558240850041","","","in","Jakarta Selatan, DKI Jakarta","0","1","0","https://x.com/pepepiona/status/1781222558240850041","1739803290383314944","pepepiona"
"1781221541013012804","Fri Apr 19 07:21:23 +0000 2024","0","Kontroversi dan kritik terkait kualitas vokal LE SSERAFIM usai tampil di Coachella terus berlanjut namun member ini malah dapat respon positif. #LESSERAFIMatCOACHELLA https://t.co/7DiVJukDRa","1781221541013012804","","","in","Jember, Jawa Timur","0","0","0","https://x.com/Jember_Network/status/1781221541013012804","1675792740876161024","Jember_Network"
"1781221206961881573","Fri Apr 19 07:20:03 +0000 2024","0","Rahasia Cantik Bersama Sakura dari LE SSERAFIM Perawatan Kulit Melembabkan dan Trik Melentikkan Bulu Mata yang Inspiratif untuk Kecantikan Alami - Dicintai https://t.co/i69cIP4Qce","1781221206961881573","","","in","Jakarta Capital Region","0","0","0","https://x.com/stevegerard22/status/1781221206961881573","120283718","stevegerard22"
"1781221086329508048","Fri Apr 19 07:19:35 +0000 2024","1","OP Ini Hadir¬†Coachella Ngaku Kaget LE SSERAFIM Dapat Hujatan:¬†Penampilan¬†Live¬†Mereka Tidak Buruk... #LE_SSERAFIM #Coachella https://t.co/tLZwCR2ZbN","1781221086329508048","","","in","Indonesia","0","0","1","https://x.com/KpopChartNet/status/1781221086329508048","972179486","KpopChartNet"
"1781220667083690466","Fri Apr 19 07:17:55 +0000 2024","0","semangat Le Sserafim week 2 nya HABISKAN!!! ","1781220667083690466","","","in","soshirevelae2hearts","0","0","0","https://x.com/imjoraengi/status/1781220667083690466","1533479517511032832","imjoraengi"
"1781219936922407114","Fri Apr 19 07:15:01 +0000 2024","27","*le sserafim lagi dihujat* Ô∏è : lah idol gua juga pernah Ô∏è : si A hujatannya lebih parah Ô∏è : zaman idol B hujatannya lebih ngeri Stop adu nasib please semua idol ga pantes dihujat kecuali perbuatannya merugikan orang.","1781219936922407114","","","in","hongppippi mom! ","0","1","7","https://x.com/hongpippi/status/1781219936922407114","1706766563372863488","hongpippi"
"1781219872254652512","Fri Apr 19 07:14:45 +0000 2024","0","Update 30 Juni 2023 Open Sewa Iphone 12 Promax 256GB Niki P1Harmony Ahn Hyoseop TXT Le Sserafim Nanon Ohm Pawat amp Tawan Fujii Kaze Taeyong 9 Juli 400ktgl konser Bisa langsung DM utk Tnc atau tanya event selain di list TaeyeonThe BoyzColdplay Tillybirds Jkt","1781219872254652512","","","in","","0","0","0","https://x.com/sukarno_johan/status/1781219872254652512","1717012996621516800","sukarno_johan"
